0,4/29/16,116.82,117.84,115.84,117.58,37140594,0,1
1,4/28/16,119.575,120.79,116.23,116.73,87110080,0,1
0,4/27/16,107.94,108.94,106.31,108.89,52213107,0,1
1,4/26/16,110.49,110.5,108.15,108.76,22521534,0,1
0,4/25/16,109.87,110.67,109.07,110.1,21017895,0,1
1,4/22/16,111.21,111.75,109.01,110.56,38458201,0,1
0,4/21/16,112.55,114.04,112.31,113.44,20875230,0,1
1,4/20/16,112.43,113.27,111.56,112.42,21027901,0,1
0,4/19/16,111.1,112.45,109.16,112.29,30210455,0,1
0,4/18/16,109.74,110.81,109.2,110.45,21167199,0,1
1,4/15/16,110.79,110.97,109.2,109.64,20922803,0,1
0,4/14/16,110.62,112.04,110.26,110.84,28473322,0,1
1,4/13/16,112.23,112.65,106.52,110.51,88227393,0,1
0,4/12/16,109.34,111.1645,108.99,110.61,26248081,0,1
1,4/11/16,110.7,110.91,108.77,108.99,39762304,0,1
1,4/8/16,114.25,114.33,109.9,110.63,48497808,0,1
1,4/7/16,113.79,114.89,113.0663,113.64,20714537,0,1
0,4/6/16,112.47,113.81,112.42,113.71,20814640,0,1
0,4/5/16,112.11,113.32,111.9,112.22,22962365,0,1
1,4/4/16,114.07,114.55,111.61,112.55,48487913,0,1
0,4/1/16,113.75,116.17,113.35,116.06,24760504,0,1
1,3/31/16,114.7,115.01,113.7682,114.1,21207526,0,1
1,3/30/16,116.73,116.99,114.355,114.7,33235184,0,1
0,3/29/16,113.83,116.32,113.64,116.14,29825340,0,1
0,3/28/16,113.32,114.5889,112.95,113.69,21351751,0,1
0,3/24/16,112.13,113.09,111.68,113.05,17839119,0,1
0,3/23/16,112.01,113.19,112,112.54,18561974,0,1
0,3/22/16,111.36,112.88,111.17,112.25,19001076,0,1
0,3/21/16,111.66,112.37,111.03,111.85,18447974,0,1
1,3/18/16,111.56,112.42,110.27,111.45,36256877,0,1
1,3/17/16,112.15,112.69,110.73,111.02,24241247,0,1
0,3/16/16,110.49,112.5,110.1,112.18,24744778,0,1
0,3/15/16,109.11,110.83,108.84,110.67,17618460,0,1
0,3/14/16,109.28,110.33,108.77,109.89,17249365,0,1
0,3/11/16,108.48,109.42,107.92,109.41,20697553,0,1
1,3/10/16,107.91,108.66,105.7699,107.32,24854284,0,1
0,3/9/16,106.7,107.51,105.49,107.51,20493305,0,1
0,3/8/16,104.78,107.37,104.4,105.93,25204666,0,1
1,3/7/16,108.07,108.07,104.72,105.73,31534055,0,1
1,3/4/16,110.05,110.05,107.93,108.39,24938858,0,1
1,3/3/16,110.25,110.3,108.54,109.58,21353092,0,1
0,3/2/16,109.68,110.55,108.77,109.95,25670170,0,1
0,3/1/16,107.83,109.82,107.6,109.82,26817309,0,1
1,2/29/16,107.6,108.9101,106.75,106.92,32778992,0,1
1,2/26/16,108.7,109.45,107.16,107.92,26686193,0,1
0,2/25/16,107.11,108.07,105.61,108.07,29906278,0,1
0,2/24/16,104.21,106.95,102.74,106.88,34412437,0,1
1,2/23/16,106.85,107.47,105.12,105.46,25319315,0,1
0,2/22/16,105.49,108.25,105.34,107.16,35709714,0,1
0,2/19/16,102.55,105.02,102.06,104.57,32404516,0,1
1,2/18/16,105.8,106,103.03,103.47,29593508,0,1
0,2/17/16,101.94,105.72,100.4,105.2,44073369,0,1
1,2/16/16,103.8,103.93,100.24,101.61,45687224,0,1
1,2/12/16,103.74,104.24,101.09,102.01,36176760,0,1
0,2/11/16,99.6,105.11,98.88,101.91,43670634,0,1
1,2/10/16,101.55,103.25,100.24,101,45179370,0,1
0,2/9/16,97.14,102.4,96.82,99.54,62709018,0,1
1,2/8/16,100.41,102.68,97.46,99.75,71229746,0,1
1,2/5/16,109.51,109.58,103.18,104.07,76894741,0,1
1,2/4/16,111.8,111.94,109.25,110.49,38890199,0,1
1,2/3/16,115.27,115.3407,109.75,112.69,56919324,0,1
1,2/2/16,114.8,117.59,113.2,114.61,59778571,0,1
0,2/1/16,112.27,115.72,112.01,115.09,46132726,0,1
0,1/29/16,108.99,112.84,108.84,112.21,62739548,0,1
0,1/28/16,107.2,110.34,104.81,109.11,107475327,0,1
1,1/27/16,97.79,97.85,94.23,94.45,58699359,0,1
1,1/26/16,97.76,97.88,95.66,97.34,26877080,0,1
1,1/25/16,98.72,99.48,96.93,97.01,32482015,0,1
0,1/22/16,96.41,98.07,95.49,97.94,30495387,0,1
1,1/21/16,94.91,95.99,92.62,94.16,30518939,0,1
0,1/20/16,92.83,95,89.37,94.35,59051429,0,1
1,1/19/16,96.53,97.42,93.92,95.26,30998256,0,1
0,1/15/16,93.98,96.38,93.54,94.97,46132781,0,1
0,1/14/16,95.85,98.87,92.45,98.37,48658623,0,1
1,1/13/16,100.58,100.58,95.21,95.44,33410553,0,1
0,1/12/16,99,99.96,97.55,99.37,28395390,0,1
1,1/11/16,97.91,98.6,95.39,97.51,29932385,0,1
1,1/8/16,99.88,100.5,97.0311,97.33,35402298,0,1
1,1/7/16,100.5,101.43,97.3,97.92,45172906,0,1
0,1/6/16,101.13,103.77,100.9,102.97,25096183,0,1
1,1/5/16,102.89,103.7099,101.665,102.73,23258238,0,1
0,1/4/16,101.95,102.24,99.75,102.22,37912403,0,1
1,12/31/15,106,106.17,104.62,104.66,18391064,0,1
1,12/30/15,107,107.25,106.06,106.22,13115007,0,1
0,12/29/15,106.42,107.74,106.25,107.26,17179901,0,1
0,12/28/15,105.02,105.98,104.53,105.93,13069733,0,1
0,12/24/15,104.74,105.32,104.5,105.02,6512134,0,1
1,12/23/15,105.89,106.11,103.86,104.63,19599673,0,1
0,12/22/15,105.22,105.6601,104.81,105.51,14597122,0,1
1,12/21/15,104.91,105.15,103.6,104.77,16138786,0,1
1,12/18/15,106.08,106.59,103.97,104.04,35994199,0,1
1,12/17/15,107.49,107.75,106.13,106.22,21675686,0,1
0,12/16/15,105.37,107.09,104.19,106.79,22680547,0,1
1,12/15/15,105.3,105.8,104.28,104.55,21764331,0,1
0,12/14/15,102.285,104.74,101.46,104.66,24813496,0,1
1,12/11/15,104.15,104.34,101.91,102.12,26427727,0,1
0,12/10/15,105.05,106.4,104.41,105.42,17454312,0,1
1,12/9/15,106.18,106.44,103.55,104.6,23517268,0,1
0,12/8/15,104,106.91,103.95,106.49,20401791,0,1
1,12/7/15,106.48,106.83,104.66,105.61,15474890,0,1
0,12/4/15,104.81,107.73,104.11,106.18,21224721,0,1
1,12/3/15,106.27,106.85,103.35,104.38,23236485,0,1
1,12/2/15,107,107.92,105.79,106.07,24429063,0,1
0,12/1/15,104.83,107.15,104.5,107.12,22781868,0,1
1,11/30/15,105.84,106.0999,103.75,104.24,20383179,0,1
1,11/27/15,105.78,105.96,104.86,105.45,5913066,0,1
1,11/25/15,106.33,106.6,105.1,105.41,15150785,0,1
1,11/24/15,106,106.49,104.39,105.74,23577293,0,1
1,11/23/15,107.19,107.468,106.08,106.95,19897220,0,1
0,11/20/15,106.84,107.87,106.62,107.32,22129648,0,1
1,11/19/15,107.36,107.73,105.95,106.26,25520599,0,1
0,11/18/15,105.8,107.88,105.39,107.77,23836526,0,1
0,11/17/15,104.62,106.2,104.14,105.13,26774146,0,1
0,11/16/15,103.32,104.17,100.47,104.04,49309167,0,1
1,11/13/15,107.71,108.25,103.83,103.95,30278403,0,1
1,11/12/15,108.48,109.39,108,108.02,20924674,0,1
0,11/11/15,108.27,109.87,107.11,109.01,25057099,0,1
0,11/10/15,105.96,108.15,105.24,107.91,25031681,0,1
1,11/9/15,107,108.25,105.86,106.49,26383540,0,1
1,11/6/15,108.04,108.74,105.91,107.095,35084342,0,1
1,11/5/15,108.8,110.65,107.95,108.76,63232861,0,1
0,11/4/15,103.19,104.14,102.48,103.94,43469308,0,1
1,11/3/15,103.22,103.65,102.4,102.58,21242341,0,1
0,11/2/15,102.46,103.47,101.18,103.31,24003944,0,1
1,10/30/15,104.51,104.72,101.65,101.97,33487104,0,1
0,10/29/15,103.96,105.12,103.52,104.88,20316691,0,1
0,10/28/15,103.9,104.48,102.92,104.2,24081515,0,1
0,10/27/15,102.94,104.1,102.4,103.7,23795472,0,1
0,10/26/15,102.2,103.81,101.55,103.77,25961212,0,1
0,10/23/15,101.91,102.85,100.16,102.19,42809661,0,1
0,10/22/15,97.79,99.73,97.55,99.67,26392075,0,1
1,10/21/15,97.37,98.18,96.47,97.11,22003730,0,1
1,10/20/15,98.73,99.59,96.56,97,30881777,0,1
0,10/19/15,97.18,98.57,96.92,98.47,23729924,0,1
0,10/16/15,96.18,97.59,95.35,97.54,25412856,0,1
0,10/15/15,94.99,96.3,94.9,95.96,27557516,0,1
1,10/14/15,94.08,95.2,93.61,94.07,19253351,0,1
0,10/13/15,93.66,95.37,93.55,94.12,19480347,0,1
0,10/12/15,93.32,94.6,92.67,94.26,18449562,0,1
0,10/9/15,92.9,93.74,92.239,93.24,20012911,0,1
0,10/8/15,91.89,93.22,90.47,92.47,27290523,0,1
1,10/7/15,93.11,93.66,91.37,92.4,24129277,0,1
1,10/6/15,94.08,94.17,92.34,92.8,22488275,0,1
0,10/5/15,92.94,94.27,92.66,94.01,27292517,0,1
0,10/2/15,88.9,92.2,88.37,92.07,37881652,0,1
0,10/1/15,90.05,90.95,88.36,90.95,29283652,0,1
0,9/30/15,88.44,90.02,88.01,89.73,35159225,0,1
1,9/29/15,89.1,90.06,85.72,86.67,42281838,0,1
1,9/28/15,92.08,92.29,88.18,89.21,40914897,0,1
1,9/25/15,95.79,95.85,92.06,92.77,28961622,0,1
0,9/24/15,93.06,94.765,92.24,94.41,29105964,0,1
0,9/23/15,93.4,94.32,92.8,93.97,21701427,0,1
1,9/22/15,93.77,94.68,91.92,92.96,36888893,0,1
0,9/21/15,94.62,96.49,94.52,95.55,28789973,0,1
0,9/18/15,93.2,95.19,93.05,94.4,62299984,0,1
0,9/17/15,93.37,95.51,92.9,94.34,27841803,0,1
0,9/16/15,92.9,93.6,92.63,93.45,16321193,0,1
0,9/15/15,92.37,93.25,91.79,92.9,18859351,0,1
1,9/14/15,92.31,92.62,91.6,92.31,20127871,0,1
0,9/11/15,91.68,92.08,91.13,92.05,21185049,0,1
0,9/10/15,90.07,92.06,89.63,91.98,26437398,0,1
1,9/9/15,90.78,91.98,90.17,90.44,32551123,0,1
1,9/8/15,89.69,90.24,88.83,89.53,27012543,0,1
0,9/4/15,87.2,88.39,86.7,88.26,27328667,0,1
1,9/3/15,89.76,89.82,87.73,88.15,27048198,0,1
0,9/2/15,88.82,89.89,87.63,89.89,27190527,0,1
0,9/1/15,86.99,89.39,86.5,87.23,36097370,0,1
1,8/31/15,90.59,91.05,88.89,89.43,32850666,0,1
0,8/28/15,89.94,91.48,89.792,91.01,33215885,0,1
0,8/27/15,89.19,90.06,87.19,89.73,42431375,0,1
0,8/26/15,85.95,87.46,83.26,87.19,45124302,0,1
1,8/25/15,86.95,87.67,83,83,52021230,0,1
0,8/24/15,77.03,87.14,72,82.09,83710727,0,1
1,8/21/15,87.52,89.18,85.61,86.06,62778680,0,1
1,8/20/15,93.54,94.77,90.46,90.56,44598224,0,1
0,8/19/15,94.63,96.1,94.161,95.31,23251271,0,1
0,8/18/15,94.08,95.85,94.04,95.17,22278848,0,1
1,8/17/15,94.42,94.46,93.39,93.93,18313531,0,1
0,8/14/15,93.54,94.72,93.21,94.42,15929656,0,1
1,8/13/15,94.05,94.73,93.35,93.43,17451768,0,1
0,8/12/15,92.7,94.44,91.19,94.19,27120375,0,1
1,8/11/15,93.73,94.76,92.9006,93.62,22491031,0,1
1,8/10/15,95.68,95.9,93.63,94.15,21624153,0,1
1,8/7/15,95.38,95.4,93.61,94.3,23199145,0,1
1,8/6/15,97.18,98.74,94.42,95.12,42271318,0,1
0,8/5/15,95.25,97.09,95.18,96.44,29629221,0,1
0,8/4/15,93.79,94.73,93.33,94.06,20136036,0,1
0,8/3/15,93.53,95.08,92.8,94.14,29343117,0,1
1,7/31/15,94.95,96.33,93.95,94.01,46509045,0,1
0,7/30/15,94.91,95.81,91.8,95.21,86211323,0,1
0,7/29/15,96.32,97.28,94.74,96.99,64648320,0,1
0,7/28/15,94.84,95.56,93.31,95.29,35235993,0,1
1,7/27/15,96.58,96.61,93.8301,94.17,38585381,0,1
1,7/24/15,97.35,97.76,95.88,96.95,33444930,0,1
1,7/23/15,96.96,97.45,94.81,95.44,29418833,0,1
0,7/22/15,96.74,97.58,95.92,97.04,28299518,0,1
1,7/21/15,98.95,99.24,97.1427,98.39,39453332,0,1
0,7/20/15,95.85,98.6,95.36,97.91,54860541,0,1
0,7/17/15,92.55,95.39,92.54,94.97,54001635,0,1
0,7/16/15,90.28,90.86,89.77,90.85,21804086,0,1
1,7/15/15,90,90.99,89.42,89.76,30886601,0,1
1,7/14/15,90.46,90.8,89.65,89.68,26627849,0,1
0,7/13/15,88.66,90.22,88.42,90.1,29976670,0,1
0,7/10/15,87.35,88.22,86.77,87.95,23245873,0,1
1,7/9/15,86.73,87.6,85.6499,85.88,23307402,0,1
1,7/8/15,86.29,86.75,85.445,85.65,24399340,0,1
1,7/7/15,87.8,87.85,85.231,87.22,33059921,0,1
0,7/6/15,86.49,88.1846,86.39,87.55,24635915,0,1
1,7/2/15,87.4,87.44,86.3401,87.285,16908781,0,1
0,7/1/15,86.77,87.95,86.49,86.91,25260045,0,1
1,6/30/15,86.6,86.7,85.57,85.765,23233183,0,1
1,6/29/15,86.61,87.5,85.73,85.8,35957872,0,1
1,6/26/15,88.12,88.34,86.8283,88.01,38214647,0,1
1,6/25/15,89.26,89.4,87.835,87.98,27301967,0,1
0,6/24/15,87.66,89.25,87.45,88.86,41370227,0,1
0,6/23/15,84.96,87.97,84.76,87.88,50667853,0,1
0,6/22/15,83.41,84.97,83.31,84.74,29383079,0,1
1,6/19/15,82.83,82.98,82.12,82.51,23353194,0,1
0,6/18/15,81.64,83.19,81.57,82.905,26782573,0,1
0,6/17/15,81.76,82.22,81.34,81.79,18350287,0,1
0,6/16/15,80.82,81.51,80.45,81.06,13693666,0,1
0,6/15/15,80.55,80.93,80.07,80.71,18805087,0,1
0,6/12/15,81.37,82.09,81.2,81.53,11417882,0,1
1,6/11/15,82.31,82.9,81.36,81.83,18656811,0,1
0,6/10/15,80.83,82.6,80.81,82.16,21531208,0,1
0,6/9/15,80.6,81.19,79.32,80.67,16497538,0,1
1,6/8/15,81.82,82,80.13,80.67,16915471,0,1
0,6/5/15,81.87,82.46,81.51,82.14,16143093,0,1
1,6/4/15,82.14,82.95,81.51,82.05,20863877,0,1
0,6/3/15,81.35,82.53,81.25,82.44,31774993,0,1
0,6/2/15,79.76,81.35,79.56,80.445,18923300,0,1
0,6/1/15,79.3,80.38,78.66,80.29,18119012,0,1
1,5/29/15,79.95,80.07,78.88,79.19,16134580,0,1
1,5/28/15,80.25,81.0745,80,80.145,11982008,0,1
0,5/27/15,79.6,80.66,79.43,80.55,14160865,0,1
1,5/26/15,80.43,80.6,79.08,79.335,16321339,0,1
0,5/22/15,80.35,81.31,80.25,80.54,19567937,0,1
0,5/21/15,80.19,80.92,80.08,80.48,13402749,0,1
0,5/20/15,80.47,81.1,79.46,80.55,23056899,0,1
1,5/19/15,81.25,81.69,80.55,80.63,17955389,0,1
0,5/18/15,80.33,81.38,80.23,80.88,21613674,0,1
1,5/15/15,81.41,81.52,80.18,80.42,27069884,0,1
0,5/14/15,78.94,81.845,78.67,81.37,49437996,0,1
0,5/13/15,77.72,78.53,77.65,78.44,21512309,0,1
1,5/12/15,77.87,77.89,76.79,77.46,21285310,0,1
1,5/11/15,78.48,79.03,77.93,78.01,18874054,0,1
1,5/8/15,79.1,79.23,78.03,78.51,19943595,0,1
0,5/7/15,78,78.94,77.56,78.425,19749428,0,1
0,5/6/15,77.97,78.81,77.05,78.1,28663026,0,1
1,5/5/15,78.55,78.8,77.22,77.56,22311318,0,1
1,5/4/15,79.33,79.69,78.6301,78.81,14691991,0,1
1,5/1/15,79.24,79.76,78.11,78.99,24136358,0,1
1,4/30/15,80.01,80.96,78.32,78.77,28999005,0,1
0,4/29/15,80.01,81.39,79.52,80.465,26430258,0,1
1,4/28/15,81.83,81.9,80.23,80.68,23775344,0,1
0,4/27/15,81.87,82.93,81.63,81.91,25446032,0,1
1,4/24/15,82.77,82.94,81.48,81.53,29660356,0,1
1,4/23/15,84.1,85.59,82.41,82.41,73728080,0,1
0,4/22/15,84.32,84.74,83.65,84.63,45547963,0,1
1,4/21/15,84,84.49,83.54,83.62,27171852,0,1
0,4/20/15,81.54,83.15,81.24,83.09,28796761,0,1
1,4/17/15,81.48,82.11,80.37,80.775,24214983,0,1
1,4/16/15,82.47,83.07,82.15,82.31,13769687,0,1
1,4/15/15,83.55,83.66,82.27,82.705,22390943,0,1
0,4/14/15,83.17,83.69,82.44,83.515,19634173,0,1
0,4/13/15,81.93,83.94,81.92,83.01,26883094,0,1
1,4/10/15,82.21,82.61,81.91,82.04,12529738,0,1
1,4/9/15,82.5,82.8,81.71,82.17,15927281,0,1
1,4/8/15,82.63,83.1,81.84,82.275,18966732,0,1
1,4/7/15,82.65,83.42,82.22,82.32,17467042,0,1
0,4/6/15,80.8,82.81,80.8,82.44,19062934,0,1
1,4/2/15,82.25,82.56,81.44,81.555,19664053,0,1
1,4/1/15,82.5,82.72,80.87,81.665,22058167,0,1
1,3/31/15,82.9,83.5,82.21,82.215,19734277,0,1
1,3/30/15,83.81,84.34,82.41,83.195,24527686,0,1
1,3/27/15,83.38,83.95,82.88,83.3,18372582,0,1
0,3/26/15,82.72,83.77,82.14,83.01,32794800,0,1
1,3/25/15,85.5,85.52,82.92,82.92,37436147,0,1
0,3/24/15,84.71,86.0699,84.52,85.31,32576522,0,1
0,3/23/15,83.92,84.96,83.3,84.43,27357333,0,1
0,3/20/15,83.39,84.6,83.07,83.8,44466323,0,1
0,3/19/15,81.12,83,81,82.75,42099523,0,1
0,3/18/15,79.25,81.24,79.17,80.91,36912446,0,1
0,3/17/15,78.36,79.78,78.34,79.365,22169969,0,1
0,3/16/15,77.96,78.12,77.36,78.07,19305406,0,1
1,3/13/15,78.6,79.38,77.68,78.05,18557296,0,1
0,3/12/15,78.1,79.05,77.91,78.93,16093319,0,1
1,3/11/15,77.8,78.43,77.26,77.57,20215704,0,1
1,3/10/15,78.5,79.26,77.55,77.55,23067057,0,1
1,3/9/15,79.68,79.91,78.63,79.44,18925097,0,1
1,3/6/15,80.9,81.33,79.83,80.005,24488581,0,1
1,3/5/15,81.23,81.99,81.05,81.21,27825733,0,1
0,3/4/15,79.3,81.15,78.85,80.895,28126686,0,1
1,3/3/15,79.61,79.7,78.52,79.6,18634973,0,1
0,3/2/15,79,79.855,78.52,79.75,21662537,0,1
1,2/27/15,80.68,81.23,78.62,78.97,30739197,0,1
0,2/26/15,79.88,81.37,79.72,80.41,31111891,0,1
0,2/25/15,78.5,80.2,78.5,79.56,25593800,0,1
1,2/24/15,78.5,79.48,78.1,78.45,18897133,0,1
1,2/23/15,79.96,80.19,78.38,78.84,24139056,0,1
0,2/20/15,79.55,80.34,79.2,79.895,36931698,0,1
0,2/19/15,76.986,79.84,76.95,79.42,45851177,0,1
0,2/18/15,75.94,76.9,75.45,76.71,22426421,0,1
0,2/17/15,75.3,76.91,75.08,75.6,25254400,0,1
1,2/13/15,76.46,76.48,75.5,75.74,18621860,0,1
1,2/12/15,76.86,76.87,75.89,76.23,17234976,0,1
0,2/11/15,75.09,76.75,75.03,76.51,20877427,0,1
0,2/10/15,74.85,75.34,74.5,75.19,15811344,0,1
0,2/9/15,74.05,74.83,73.45,74.44,16194322,0,1
1,2/6/15,75.68,75.7,74.25,74.47,21210994,0,1
1,2/5/15,75.71,75.98,75.21,75.615,15062573,0,1
0,2/4/15,75.09,76.35,75.01,75.63,20277368,0,1
0,2/3/15,75.19,75.58,73.86,75.4,26957714,0,1
1,2/2/15,76.11,76.14,73.75,74.99,41955258,0,1
1,1/30/15,78,78.16,75.75,75.91,42649491,0,1
0,1/29/15,76.85,78.02,74.21,78,61293468,0,1
1,1/28/15,76.9,77.638,76,76.24,53306422,0,1
1,1/27/15,76.71,76.88,75.63,75.78,20109977,0,1
1,1/26/15,77.98,78.47,77.29,77.495,19260820,0,1
0,1/23/15,77.65,78.19,77.04,77.83,16746503,0,1
0,1/22/15,77.17,77.75,76.68,77.65,19519458,0,1
0,1/21/15,76.16,77.3,75.85,76.74,25096737,0,1
0,1/20/15,75.72,76.31,74.82,76.24,22821614,0,1
0,1/16/15,74.04,75.32,73.84,75.18,21791529,0,1
1,1/15/15,76.4,76.57,73.54,74.05,34133974,0,1
1,1/14/15,76.42,77.2,76.0291,76.28,25918564,0,1
1,1/13/15,77.23,78.08,75.85,76.45,25179561,0,1
1,1/12/15,77.84,78,76.21,76.72,19190194,0,1
1,1/9/15,78.2,78.62,77.2,77.74,21004109,0,1
0,1/8/15,76.74,78.23,76.08,78.175,23960953,0,1
1,1/7/15,76.76,77.36,75.82,76.15,22045333,0,1
1,1/6/15,77.23,77.59,75.365,76.15,27399288,0,1
1,1/5/15,77.98,79.2455,76.86,77.19,26452191,0,1
1,1/2/15,78.58,78.93,77.7,78.45,18177475,0,1
1,12/31/14,79.54,79.8,77.86,78.02,20040439,0,1
1,12/30/14,79.85,80.59,79.1,79.22,14370763,0,1
1,12/29/14,80.49,80.96,79.71,80.02,14134666,0,1
1,12/26/14,81.02,81.28,80.51,80.775,10647388,0,1
1,12/24/14,81.03,81.43,80.75,80.77,7685481,0,1
1,12/23/14,82.02,82.17,80.4,80.61,19865820,0,1
0,12/22/14,80.08,81.89,80,81.45,31395770,0,1
0,12/19/14,78.75,80,78.33,79.88,43334992,0,1
0,12/18/14,76.89,78.4,76.51,78.4,34222081,0,1
0,12/17/14,75.01,76.41,74.9,76.11,29203904,0,1
1,12/16/14,76.19,77.39,74.59,74.69,31554593,0,1
1,12/15/14,78.46,78.58,76.56,76.99,29396532,0,1
0,12/12/14,77.16,78.88,77.02,77.83,28091617,0,1
0,12/11/14,76.52,78.52,76.48,77.73,33492661,0,1
1,12/10/14,76.65,77.55,76.07,76.18,32210532,0,1
0,12/9/14,75.2,76.93,74.78,76.84,25358584,0,1
0,12/8/14,76.18,77.25,75.4,76.52,25733853,0,1
0,12/5/14,75.8,76.76,75.36,76.36,24306446,0,1
0,12/4/14,74.83,75.55,74.66,75.24,14390520,0,1
1,12/3/14,75.38,75.73,74.4,74.88,16689857,0,1
0,12/2/14,75.33,75.91,75.04,75.46,16773884,0,1
1,12/1/14,77.26,77.31,74.8,75.1,31789866,0,1
0,11/28/14,77.67,78.27,77.23,77.7,15992035,0,1
0,11/26/14,75.53,77.78,75.51,77.62,32721585,0,1
0,11/25/14,74.21,75.74,74.13,75.63,32250205,0,1
0,11/24/14,73.54,74.35,73.35,74.01,22103831,0,1
1,11/21/14,74.5,74.5,73.5,73.75,23060382,0,1
0,11/20/14,72.8,73.99,72.51,73.6,19154862,0,1
1,11/19/14,74.01,74.54,73.11,73.33,25441163,0,1
1,11/18/14,74.45,74.8,73.9,74.34,20696643,0,1
1,11/17/14,74.88,75.655,73.88,74.24,28701191,0,1
0,11/14/14,74.27,74.93,74.04,74.88,19476878,0,1
1,11/13/14,74.74,75.24,73.64,74.25,26448451,0,1
0,11/12/14,74.28,75.14,73.54,74.72,26536609,0,1
1,11/11/14,74.95,74.98,74.03,74.61,18735123,0,1
1,11/10/14,75.36,75.4799,74.61,75,21575126,0,1
0,11/7/14,75.39,75.855,75.02,75.6,20774381,0,1
0,11/6/14,74.89,75.6,74.31,75.26,21383194,0,1
1,11/5/14,76.51,76.8,74.42,74.83,35912588,0,1
0,11/4/14,74.23,75.77,73.65,75.76,39326471,0,1
1,11/3/14,75.47,75.52,73.7,73.88,40727330,0,1
0,10/31/14,74.93,75.7,74.45,74.99,44544325,0,1
1,10/30/14,75.05,75.35,72.9,74.11,83269554,0,1
0,10/29/14,75.45,76.88,74.78,75.86,106119520,0,1
0,10/28/14,80.18,81.16,79.57,80.77,74211768,0,1
1,10/27/14,80.74,80.8,79.76,80.28,30168921,0,1
0,10/24/14,80.2,80.8183,79.32,80.67,32247520,0,1
0,10/23/14,79.38,80.63,79.01,80.04,35055800,0,1
1,10/22/14,78.815,79.85,78.01,78.37,41862393,0,1
0,10/21/14,77.56,78.74,77.15,78.69,32252403,0,1
0,10/20/14,75.6,77.09,75.38,76.95,34701260,0,1
0,10/17/14,74.23,76,73.75,75.95,76341638,0,1
0,10/16/14,70.79,73.35,70.58,72.63,53529459,0,1
0,10/15/14,71.69,73.8,70.32,73.21,61528317,0,1
1,10/14/14,74,74.18,72.05,73.59,50299288,0,1
1,10/13/14,73.23,74.78,72.52,72.99,43937638,0,1
1,10/10/14,75.59,76.5,72.76,72.91,52146162,0,1
1,10/9/14,77.28,77.7601,75.85,75.91,32487174,0,1
0,10/8/14,76.18,77.71,75.1,77.52,32975514,0,1
1,10/7/14,77.05,77.95,76.24,76.29,25317488,0,1
0,10/6/14,77.19,77.89,76.85,77.555,25729191,0,1
1,10/3/14,77.76,78.06,77.26,77.44,23340173,0,1
0,10/2/14,76.57,77.48,75.64,77.08,36487612,0,1
1,10/1/14,78.78,78.82,75.9,76.55,55090157,0,1
1,9/30/14,79.35,79.7067,78.6,79.04,35899444,0,1
0,9/29/14,78.12,79.199,77.91,79,34030635,0,1
0,9/26/14,77.59,78.8416,77.33,78.79,28872012,0,1
1,9/25/14,78.6,78.94,77.13,77.22,37354970,0,1
0,9/24/14,78.1,78.62,77.51,78.535,30596541,0,1
0,9/23/14,76.33,78.63,76.04,78.29,36721000,0,1
1,9/22/14,77,77.53,75.95,76.8,31917700,0,1
0,9/19/14,77.4,78.3,76.44,77.91,76638600,0,1
0,9/18/14,76.77,77.33,76.52,77,22983300,0,1
0,9/17/14,75.96,77.25,75.57,76.43,28647200,0,1
0,9/16/14,73.52,76.23,73.07,76.08,37672600,0,1
1,9/15/14,77.15,77.25,73.43,74.58,49576900,0,1
1,9/12/14,78.02,78.3,77.1,77.48,26676800,0,1
0,9/11/14,77.13,78.36,77.05,77.92,32219000,0,1
0,9/10/14,76.52,77.95,76.51,77.43,29864000,0,1
1,9/9/14,77.59,78.17,76.2,76.67,28769300,0,1
0,9/8/14,77.26,78.17,77.01,77.89,28149300,0,1
0,9/5/14,76.1,77.38,75.598,77.26,29407300,0,1
0,9/4/14,75.89,76.93,75.53,75.95,26625500,0,1
1,9/3/14,77.14,77.48,75.6,75.83,32330200,0,1
0,9/2/14,75.01,76.7,74.82,76.68,34785800,0,1
0,8/29/14,74.3,74.82,74.01,74.82,26224300,0,1
1,8/28/14,74,74.43,73.73,73.855,21922800,0,1
1,8/27/14,75.27,75.49,74.46,74.63,36238700,0,1
0,8/26/14,75,75.99,74.73,75.9601,23886100,0,1
0,8/25/14,74.94,75.28,74.79,75.02,19691100,0,1
0,8/22/14,74.34,74.73,73.57,74.57,20874600,0,1
1,8/21/14,74.92,75.19,74.4149,74.57,20075900,0,1
1,8/20/14,74.97,75.18,74.62,74.81,22878000,0,1
0,8/19/14,74.81,75.58,74.77,75.29,26618600,0,1
0,8/18/14,74,74.72,73.96,74.59,23913200,0,1
1,8/15/14,74.32,74.65,73,73.63,38846600,0,1
0,8/14/14,73.97,74.38,73.69,74.296,22182800,0,1
0,8/13/14,73.12,74.25,73.05,73.77,29198500,0,1
1,8/12/14,73.09,73.3301,72.22,72.83,27374400,0,1
1,8/11/14,73.46,73.91,73.06,73.44,24544100,0,1
1,8/8/14,73.4,73.43,72.56,73.06,27155700,0,1
0,8/7/14,73,74,72.7,73.17,38093400,0,1
0,8/6/14,72.02,73.72,71.79,72.47,30940200,0,1
1,8/5/14,73.2,73.59,72.18,72.69,34820400,0,1
0,8/4/14,72.36,73.88,72.36,73.51,30656900,0,1
0,8/1/14,72.22,73.22,71.55,72.36,43456400,0,1
1,7/31/14,74,74.165,72.44,72.65,43909200,0,1
0,7/30/14,74.21,75.19,74.13,74.677,36823000,0,1
1,7/29/14,74.72,74.92,73.4229,73.71,41126900,0,1
1,7/28/14,75.17,75.5,73.85,74.92,41640000,0,1
0,7/25/14,74.99,75.67,74.662,75.19,45823100,0,1
1,7/24/14,75.96,76.74,74.51,74.98,124006900,0,1
0,7/23/14,69.74,71.33,69.61,71.29,77435900,0,1
1,7/22/14,69.76,69.77,68.61,69.27,40301800,0,1
0,7/21/14,68.81,69.96,68.5,69.4,49431600,0,1
0,7/18/14,66.8,68.46,66.16,68.4199,42262200,0,1
1,7/17/14,67.03,67.85,66.04,66.4099,38024200,0,1
0,7/16/14,67.54,67.94,67.07,67.66,29541600,0,1
1,7/15/14,67.96,68.0899,66.26,67.165,44213200,0,1
0,7/14/14,67.13,68.17,66.9,67.9,38468000,0,1
0,7/11/14,65.28,66.59,64.79,66.34,39167800,0,1
0,7/10/14,63.31,65.34,63.05,64.8725,44388200,0,1
0,7/9/14,63.41,65.12,63.15,64.97,51378000,0,1
1,7/8/14,65.06,65.56,62.21,62.76,68855600,0,1
1,7/7/14,66.3,66.57,65.12,65.29,28707100,0,1
1,7/3/14,66.855,67,65.76,66.29,25203200,0,1
1,7/2/14,68.04,68.3,65.79,66.45,41805900,0,1
0,7/1/14,67.58,68.44,67.39,68.06,33166100,0,1
1,6/30/14,67.46,67.92,67.13,67.29,27102800,0,1
0,6/27/14,67.31,67.7,66.84,67.6,46444300,0,1
1,6/26/14,68,68,66.9,67.13,47646700,0,1
0,6/25/14,65.58,67.48,65.57,67.44,44245500,0,1
0,6/24/14,65.36,67.17,65.27,65.72,57284100,0,1
0,6/23/14,64.32,65.66,64.22,65.37,34434000,0,1
0,6/20/14,64.46,64.81,63.35,64.5,46407900,0,1
1,6/19/14,65.46,65.5756,64.21,64.3415,34133800,0,1
0,6/18/14,64.49,65.75,64.05,65.6,35493200,0,1
0,6/17/14,64.1,64.88,63.93,64.4,27636500,0,1
0,6/16/14,64.16,64.88,63.75,64.19,30856800,0,1
1,6/13/14,64.7,64.97,63.83,64.5,29383800,0,1
1,6/12/14,65.85,66.47,64.06,64.2901,55642800,0,1
0,6/11/14,65.32,65.8,64.9,65.781,44158300,0,1
0,6/10/14,63.53,65.82,63.5,65.77,69206900,0,1
0,6/9/14,62.4,63.34,61.79,62.88,37573600,0,1
1,6/6/14,63.37,63.48,62.15,62.5,42386300,0,1
1,6/5/14,63.66,64.36,62.82,63.186,47352000,0,1
0,6/4/14,62.45,63.59,62.07,63.34,36514000,0,1
0,6/3/14,62.62,63.42,62.32,62.87,32217000,0,1
1,6/2/14,63.23,63.59,62.05,63.08,35947400,0,1
1,5/30/14,63.95,64.17,62.56,63.3,45253500,0,1
1,5/29/14,63.84,64.3,63.51,63.83,42700000,0,1
0,5/28/14,63.39,64.14,62.62,63.51,47795000,0,1
0,5/27/14,61.62,63.51,61.57,63.48,55682000,0,1
0,5/23/14,60.41,61.45,60.15,61.351,38294000,0,1
1,5/22/14,60.94,61.48,60.4,60.52,54200000,0,1
0,5/21/14,58.56,60.5,58.25,60.49,58992000,0,1
1,5/20/14,59.5,60.19,58.18,58.56,53931000,0,1
0,5/19/14,57.89,59.56,57.57,59.21,43034000,0,1
1,5/16/14,58.31,58.45,57.31,58.0199,47933000,0,1
1,5/15/14,59.26,59.38,57.52,57.919,56814000,0,1
1,5/14/14,59.53,60.45,58.95,59.23,47429000,0,1
0,5/13/14,59.66,60.89,59.51,59.83,48525000,0,1
0,5/12/14,57.98,59.9,57.98,59.83,48575000,0,1
0,5/9/14,56.85,57.65,56.38,57.24,52584000,0,1
1,5/8/14,57.23,58.82,56.5,56.76,61251000,0,1
1,5/7/14,58.77,59.3,56.26,57.39,78587000,0,1
1,5/6/14,60.98,61.15,58.49,58.53,55901000,0,1
0,5/5/14,59.67,61.35,59.18,61.22,46057000,0,1
1,5/2/14,61.3,61.89,60.18,60.46,54189000,0,1
0,5/1/14,60.43,62.28,60.21,61.15,82429000,0,1
0,4/30/14,57.58,59.85,57.16,59.78,76093000,0,1
0,4/29/14,56.09,58.28,55.84,58.15,75557000,0,1
1,4/28/14,58.05,58.31,54.66,56.14,107758000,0,1
1,4/25/14,59.97,60.01,57.57,57.71,92502000,0,1
1,4/24/14,63.6,63.65,59.77,60.87,138769000,0,1
1,4/23/14,63.45,63.48,61.26,61.36,96565000,0,1
0,4/22/14,62.65,63.44,62.22,63.0301,60631000,0,1
0,4/21/14,59.46,61.24,59.15,61.24,60364000,0,1
1,4/17/14,59.3,60.58,58.72,58.94,88040000,0,1
1,4/16/14,59.79,60.19,57.74,59.72,78774000,0,1
1,4/15/14,59.29,59.68,55.88,59.09,108623000,0,1
1,4/14/14,60.09,60.45,57.78,58.89,72325000,0,1
0,4/11/14,57.6,60.31,57.31,58.53,91452000,0,1
1,4/10/14,63.08,63.18,58.68,59.16,114988000,0,1
0,4/9/14,59.63,62.4558,59.1882,62.41,100215000,0,1
0,4/8/14,57.68,58.71,57.17,58.1901,78836000,0,1
0,4/7/14,55.9,58,55.44,56.95,108488000,0,1
1,4/4/14,59.94,60.2,56.32,56.749,125214400,0,1
1,4/3/14,62.55,63.17,59.13,59.49,83859000,0,1
1,4/2/14,63.21,63.91,62.21,62.72,66277000,0,1
0,4/1/14,60.46,62.66,60.24,62.62,59291000,0,1
1,3/31/14,60.78,61.52,59.87,60.24,53011000,0,1
1,3/28/14,61.34,61.95,59.335,60.01,67052000,0,1
0,3/27/14,60.51,61.9,57.98,60.97,112650000,0,1
1,3/26/14,64.74,64.95,60.37,60.385,97503900,0,1
1,3/25/14,64.89,66.19,63.78,64.89,68786000,0,1
1,3/24/14,67.19,67.36,63.36,64.1,85696000,0,1
1,3/21/14,67.53,67.92,66.1786,67.24,59999900,0,1
1,3/20/14,68.01,68.23,66.82,66.97,44439000,0,1
1,3/19/14,69.17,69.29,67.465,68.24,43981000,0,1
0,3/18/14,68.76,69.6,68.3,69.19,40827000,0,1
0,3/17/14,68.18,68.95,66.62,68.7399,52197000,0,1
1,3/14/14,68.49,69.43,67.46,67.72,48227000,0,1
1,3/13/14,71.29,71.35,68.15,68.83,57091000,0,1
0,3/12/14,69.86,71.35,69,70.8799,46340500,0,1
1,3/11/14,72.5,72.59,69.96,70.1,59408300,0,1
0,3/10/14,70.77,72.15,70.51,72.03,59871600,0,1
1,3/7/14,71.08,71.18,69.47,69.8,38927000,0,1
1,3/6/14,71.88,71.89,70.25,70.84,46026500,0,1
0,3/5/14,69.69,71.97,69.62,71.57,74567700,0,1
0,3/4/14,68.66,68.9,67.62,68.8,42013500,0,1
0,3/3/14,66.96,68.05,66.51,67.41,56824100,0,1
1,2/28/14,69.47,69.88,67.38,68.46,66783700,0,1
1,2/27/14,69.34,70.01,68.87,68.94,41653700,0,1
1,2/26/14,70.19,71.22,68.85,69.26,55322700,0,1
1,2/25/14,70.95,71,69.45,69.85,52077000,0,1
0,2/24/14,68.74,71.44,68.54,70.78,76620300,0,1
1,2/21/14,69.69,69.96,68.45,68.59,70932400,0,1
0,2/20/14,67.73,70.11,65.727,69.63,130928900,0,1
0,2/19/14,67.05,69.08,67,68.06,62087100,0,1
0,2/18/14,66.94,67.5397,66.07,67.3,43809900,0,1
1,2/14/14,67.5,67.58,66.72,67.09,36694900,0,1
0,2/13/14,64.18,67.33,64.05,67.33,61911700,0,1
1,2/12/14,64.92,65.06,64.05,64.45,47282100,0,1
0,2/11/14,63.75,65,63.35,64.851,45675600,0,1
1,2/10/14,64.3,64.49,63.473,63.548,43666100,0,1
0,2/7/14,62.27,64.57,62.22,64.32,60704300,0,1
0,2/6/14,61.46,62.78,61.46,62.16,42086500,0,1
1,2/5/14,62.74,63.16,61.27,62.19,51685100,0,1
0,2/4/14,62.05,63.14,61.82,62.75,45985500,0,1
1,2/3/14,63.03,63.77,60.7,61.48,74866600,0,1
0,1/31/14,60.47,63.37,60.17,62.57,87794600,0,1
1,1/30/14,62.12,62.5,60.46,61.08,150178900,0,1
1,1/29/14,54.61,54.95,53.19,53.53,92995600,0,1
0,1/28/14,54.02,55.28,54,55.14,48191200,0,1
1,1/27/14,54.73,54.9401,51.85,53.55,73924100,0,1
1,1/24/14,56.15,56.42,54.4,54.45,55200700,0,1
0,1/23/14,56.37,56.68,55.6855,56.63,47951800,0,1
1,1/22/14,58.85,59.31,57.1,57.51,61352900,0,1
0,1/21/14,56.6,58.58,56.5,58.51,48669200,0,1
1,1/17/14,57.3,57.82,56.07,56.3,40849200,0,1
1,1/16/14,57.26,58.02,56.83,57.19,34541800,0,1
1,1/15/14,57.98,58.57,57.27,57.6,33663400,0,1
0,1/14/14,56.46,57.78,56.1,57.74,37503600,0,1
1,1/13/14,57.91,58.25,55.38,55.91,63010900,0,1
0,1/10/14,57.13,58.3,57.06,57.94,42449500,0,1
1,1/9/14,58.65,58.96,56.65,57.22,92253300,0,1
0,1/8/14,57.6,58.41,57.23,58.23,56682400,0,1
0,1/7/14,57.7,58.55,57.22,57.92,77207400,0,1
0,1/6/14,54.42,57.26,54.05,57.2,68852600,0,1
1,1/3/14,55.02,55.65,54.53,54.557,38246200,0,1
1,1/2/14,54.83,55.22,54.19,54.71,43195500,0,1
0,12/31/13,54.12,54.86,53.91,54.649,43076200,0,1
1,12/30/13,54.93,55.18,53.43,53.71,68307000,0,1
1,12/27/13,57.48,57.68,55.25,55.44,60466000,0,1
1,12/26/13,58.32,58.38,57.37,57.73,55101000,0,1
1,12/24/13,58.27,58.58,56.91,57.96,46617800,0,1
0,12/23/13,55.5,58.32,55.45,57.77,98297000,0,1
0,12/20/13,54.93,55.15,54.23,55.12,239824000,0,1
0,12/19/13,54.33,55.19,53.95,55.05,89753200,0,1
0,12/18/13,54.86,55.89,53.75,55.57,76003000,0,1
0,12/17/13,54.76,55.18,54.24,54.86,78751000,0,1
0,12/16/13,53.25,54.5,52.91,53.81,85119000,0,1
0,12/13/13,51.66,53.5,51.34,53.32,82641000,0,1
0,12/12/13,51.045,52.07,50.66,51.83,92723000,0,1
1,12/11/13,50.55,50.77,49.01,49.38,65776000,0,1
0,12/10/13,48.64,50.77,48.54,50.245,68479000,0,1
0,12/9/13,48.09,48.97,47.74,48.84,36056000,0,1
1,12/6/13,48.98,49.39,47.71,47.94,42938000,0,1
0,12/5/13,48.15,48.7,47.87,48.34,43855000,0,1
0,12/4/13,46.46,48.77,46.26,48.62,60890000,0,1
1,12/3/13,46.75,47.2,46.29,46.73,32086000,0,1
0,12/2/13,46.9,47.54,46.26,47.06,50774000,0,1
0,11/29/13,46.75,47.21,46.5,47.01,22953900,0,1
0,11/27/13,45.97,46.67,45.53,46.49,44993000,0,1
0,11/26/13,44.66,46.17,43.55,45.89,82016000,0,1
1,11/25/13,46.36,46.65,44.04,44.82,82565000,0,1
1,11/22/13,47.04,47.27,45.96,46.23,40545000,0,1
1,11/21/13,46.99,47.46,46.685,46.7,34886000,0,1
1,11/20/13,46.61,47.55,46.31,46.43,53933000,0,1
0,11/19/13,46.26,47,45.72,46.36,75602000,0,1
1,11/18/13,48.47,48.84,45.8,45.83,85910000,0,1
1,11/15/13,49.11,49.48,48.71,49.01,42453000,0,1
0,11/14/13,48.7,49.57,48.03,48.99,75117000,0,1
0,11/13/13,46.23,48.74,46.06,48.71,79245000,0,1
0,11/12/13,46,47.37,45.83,46.605,68196000,0,1
1,11/11/13,47.04,47.53,45.73,46.2,80910000,0,1
1,11/8/13,47.81,48.65,47.25,47.53,70731000,0,1
1,11/7/13,49.24,49.87,47.3,47.56,97128000,0,1
1,11/6/13,50.26,50.45,48.71,49.12,67889000,0,1
0,11/5/13,47.79,50.18,47.51,50.105,76835000,0,1
1,11/4/13,49.365,49.75,48.02,48.22,80371000,0,1
1,11/1/13,50.85,52.09,49.72,49.75,95033000,0,1
0,10/31/13,47.155,52,46.5,50.205,248809000,0,1
1,10/30/13,50,50.21,48.75,49.01,127073000,0,1
1,10/29/13,50.73,50.79,49.25,49.395,102143000,0,1
1,10/28/13,51.54,51.7,49.61,50.229,73472000,0,1
1,10/25/13,53.18,53.24,51.88,51.95,45085000,0,1
0,10/24/13,52.38,52.84,51.5928,52.445,46775000,0,1
0,10/23/13,51.75,52.25,51.13,51.9,57207000,0,1
1,10/22/13,54.33,54.76,52.2,52.675,83204000,0,1
1,10/21/13,54.68,54.81,53.51,53.85,58235000,0,1
0,10/18/13,54.18,54.825,53.6,54.22,88260000,0,1
0,10/17/13,51.12,52.22,50.95,52.21,71522000,0,1
0,10/16/13,50.04,51.24,49.9,51.135,64678000,0,1
1,10/15/13,49.99,51,49.18,49.5,81167000,0,1
0,10/14/13,48.31,49.63,47.91,49.51,68781000,0,1
1,10/11/13,49.18,49.87,48.79,49.11,58428000,0,1
0,10/10/13,47.865,49.68,47.83,49.05,99774000,0,1
1,10/9/13,47.375,47.84,45.26,46.77,147297000,0,1
1,10/8/13,50.6,50.6,47.08,47.14,136081000,0,1
1,10/7/13,50.73,51.29,50.4,50.515,57204000,0,1
0,10/4/13,49.77,51.16,49.57,51.04,74447000,0,1
1,10/3/13,50.47,50.72,49.06,49.183,82045000,0,1
0,10/2/13,50.13,51.1,49.95,50.28,62834000,0,1
0,10/1/13,49.97,51.03,49.45,50.42,98114000,0,1
0,9/30/13,50.14,51.6,49.8,50.23,100095000,0,1
0,9/27/13,50.29,51.28,49.86,51.24,81410500,0,1
0,9/26/13,50.01,50.6,49.5,50.39,98220100,0,1
0,9/25/13,49.23,49.54,48.46,49.46,87879700,0,1
1,9/24/13,48.505,49.66,48.16,48.45,136716100,0,1
1,9/23/13,47.28,47.55,46.29,47.19,75177000,0,1
0,9/20/13,46.32,47.6,45.74,47.49,115508400,0,1
0,9/19/13,45.51,46.05,45.23,45.98,63972400,0,1
0,9/18/13,44.84,45.47,44.395,45.23,79317000,0,1
0,9/17/13,42.5,45.44,42.43,45.07,91934600,0,1
1,9/16/13,44.85,44.94,42.43,42.51,70424200,0,1
1,9/13/13,45.04,45.08,43.93,44.31,52765300,0,1
1,9/12/13,45.53,45.62,44.65,44.75,68072300,0,1
0,9/11/13,43.39,45.09,43.11,45.04,72328300,0,1
1,9/10/13,44.24,44.26,43.23,43.6,54540300,0,1
1,9/9/13,44.36,44.79,43.7,44.04,75794700,0,1
0,9/6/13,43.09,44.61,42.4,43.95,117535700,0,1
0,9/5/13,41.79,42.765,41.77,42.66,50035400,0,1
1,9/4/13,42.01,42.17,41.44,41.78,42581900,0,1
0,9/3/13,41.84,42.165,41.51,41.87,48774900,0,1
1,8/30/13,42.025,42.26,41.06,41.294,67735100,0,1
0,8/29/13,40.89,41.78,40.8,41.28,58303400,0,1
0,8/28/13,39.96,40.85,39.88,40.548,57918200,0,1
1,8/27/13,40.68,41.2,39.42,39.64,72695100,0,1
0,8/26/13,40.9,41.94,40.62,41.34,94162400,0,1
0,8/23/13,39,40.63,38.93,40.55,86442300,0,1
0,8/22/13,38.37,38.75,38.34,38.55,21931200,0,1
1,8/21/13,38.38,38.85,38.145,38.32,46116900,0,1
0,8/20/13,38.35,38.58,37.69,38.41,57995200,0,1
0,8/19/13,37.43,38.28,37.14,37.81,57609600,0,1
0,8/16/13,36.97,37.49,36.9,37.08,45840800,0,1
0,8/15/13,36.36,37.07,36.0201,36.56,56521100,0,1
1,8/14/13,36.83,37.55,36.62,36.65,48423900,0,1
1,8/13/13,38.24,38.32,36.77,37.019,65379200,0,1
0,8/12/13,38.2,38.5,38.1,38.22,31161000,0,1
1,8/9/13,38.59,38.74,38.01,38.5,43532300,0,1
1,8/8/13,39.13,39.19,38.43,38.54,41301000,0,1
0,8/7/13,38.61,38.94,37.7,38.87,68854800,0,1
1,8/6/13,39.11,39.25,37.94,38.55,63950800,0,1
0,8/5/13,38.43,39.32,38.25,39.189,79994800,0,1
0,8/2/13,37.66,38.49,37.5,38.05,73058500,0,1
0,8/1/13,37.3,38.29,36.92,37.489,106066500,0,1
1,7/31/13,37.96,38.31,36.33,36.8,154828700,0,1
0,7/30/13,35.65,37.96,35.32,37.627,173582800,0,1
0,7/29/13,34.07,35.63,34.01,35.43,124718800,0,1
0,7/26/13,33.77,34.73,33.56,34.01,136028900,0,1
0,7/25/13,33.545,34.88,32.75,34.359,365457900,0,1
0,7/24/13,26.32,26.53,26.05,26.51,82635600,0,1
0,7/23/13,26.1,26.3,25.97,26.13,28221600,0,1
0,7/22/13,25.99,26.13,25.72,26.045,27526300,0,1
0,7/19/13,25.82,26.1077,25.6,25.881,46539700,0,1
1,7/18/13,26.75,26.77,26.12,26.18,24806900,0,1
0,7/17/13,26.37,26.78,26.3,26.65,21518500,0,1
1,7/16/13,26.39,26.75,26.01,26.32,30817600,0,1
0,7/15/13,25.93,26.43,25.65,26.28,24234000,0,1
0,7/12/13,25.74,25.93,25.55,25.91,16537900,0,1
1,7/11/13,25.96,26,25.45,25.81,26777400,0,1
0,7/10/13,25.58,25.83,25.47,25.8,26721800,0,1
0,7/9/13,25.07,25.49,25.03,25.48,30387900,0,1
0,7/8/13,24.47,25.04,24.42,24.71,27064600,0,1
1,7/5/13,24.65,24.66,24.2,24.37,20229500,0,1
0,7/3/13,24.22,24.71,24.15,24.52,10404400,0,1
1,7/2/13,24.7,24.77,24.3,24.41,18394100,0,1
1,7/1/13,24.9694,25.0601,24.62,24.81,20582200,0,1
0,6/28/13,24.68,24.98,24.42,24.88,96778900,0,1
0,6/27/13,24.24,24.84,24.21,24.66,34694100,0,1
1,6/26/13,24.51,24.65,23.99,24.16,29890300,0,1
0,6/25/13,24.14,24.43,24.04,24.25,24713200,0,1
1,6/24/13,23.95,24.11,23.38,23.935,40626000,0,1
1,6/21/13,24.59,24.7,24.05,24.53,45833900,0,1
1,6/20/13,24.28,24.745,23.65,23.9,42765600,0,1
0,6/19/13,24.2,25.19,24.1,24.309,31790600,0,1
0,6/18/13,24.09,24.69,24.08,24.21,36709100,0,1
0,6/17/13,23.91,24.25,23.75,24.022,33664500,0,1
0,6/14/13,23.56,23.89,23.26,23.63,30677100,0,1
0,6/13/13,23.72,23.83,23.265,23.73,31189300,0,1
1,6/12/13,24.16,24.26,23.58,23.77,26445800,0,1
1,6/11/13,24.03,24.35,24,24.03,29885900,0,1
0,6/10/13,24.06,24.6,23.99,24.33,58393000,0,1
0,6/7/13,23.03,23.4,22.86,23.291,38699200,0,1
1,6/6/13,22.99,23.09,22.67,22.97,31260700,0,1
1,6/5/13,23.35,23.705,22.79,22.899,53819700,0,1
1,6/4/13,23.89,23.93,23.32,23.52,34760800,0,1
1,6/3/13,24.265,24.32,23.71,23.848,35733800,0,1
1,5/31/13,24.63,24.95,24.27,24.348,35925000,0,1
0,5/30/13,24.13,24.779,23.93,24.55,60733200,0,1
1,5/29/13,23.79,23.81,23.26,23.32,64237800,0,1
1,5/28/13,24.54,24.54,23.92,24.1,50079700,0,1
1,5/24/13,24.97,24.97,24.08,24.3125,58727900,0,1
0,5/23/13,24.8,25.53,24.77,25.06,37663100,0,1
1,5/22/13,25.65,25.85,24.92,25.159,45314500,0,1
1,5/21/13,25.87,26.075,25.59,25.66,26261300,0,1
1,5/20/13,26.18,26.19,25.69,25.759,42402900,0,1
1,5/17/13,26.4,26.6,26.2,26.25,29462700,0,1
1,5/16/13,26.48,26.55,25.9,26.13,35499100,0,1
1,5/15/13,26.92,26.99,26.4,26.6,30299800,0,1
0,5/14/13,26.8854,27.28,26.82,27.07,24930300,0,1
0,5/13/13,26.6,27.325,26.531,26.82,29068800,0,1
1,5/10/13,27.14,27.3,26.57,26.68,30847100,0,1
1,5/9/13,27.08,27.55,26.85,27.04,33457200,0,1
0,5/8/13,26.88,27.3,26.65,27.12,34654900,0,1
1,5/7/13,27.55,27.85,26.85,26.889,41259100,0,1
1,5/6/13,28.33,28.46,27.48,27.57,43939400,0,1
1,5/3/13,29.04,29.07,28.15,28.311,58506400,0,1
0,5/2/13,28.0099,29.02,27.98,28.97,104257000,0,1
1,5/1/13,27.85,27.915,27.31,27.43,64567600,0,1
0,4/30/13,27.13,27.85,27.005,27.769,36245700,0,1
1,4/29/13,27.16,27.41,26.86,26.98,29201100,0,1
0,4/26/13,26.6,27.62,26.6,26.85,33018000,0,1
0,4/25/13,26.07,26.4,26,26.14,17150000,0,1
0,4/24/13,25.93,26.4,25.8,26.11,19729900,0,1
1,4/23/13,26.215,26.33,25.77,25.98,25191500,0,1
0,4/22/13,25.81,26.36,25.7,25.97,25687600,0,1
0,4/19/13,25.62,25.96,25.33,25.73,20380900,0,1
1,4/18/13,26.82,26.82,25.15,25.69,39059000,0,1
1,4/17/13,26.65,27.2,26.39,26.625,26440600,0,1
0,4/16/13,26.81,27.11,26.4,26.92,27365900,0,1
1,4/15/13,27.16,27.48,26.36,26.52,30275400,0,1
1,4/12/13,28,28,27.24,27.4,28697400,0,1
0,4/11/13,27.48,28.1,27.25,28.0175,33368500,0,1
0,4/10/13,27.0099,27.84,26.9,27.57,45949400,0,1
0,4/9/13,26.58,26.89,26.42,26.59,21311100,0,1
1,4/8/13,27.19,27.2,26.63,26.849,27256000,0,1
0,4/5/13,26.86,27.8,26.61,27.39,64566600,0,1
0,4/4/13,26.62,27.2301,26.11,27.0725,82016800,0,1
0,4/3/13,25.83,26.39,25.7,26.25,48195200,0,1
1,4/2/13,25.77,26.12,25.3,25.42,35153300,0,1
1,4/1/13,25.63,25.89,25.28,25.53,22249300,0,1
1,3/28/13,26.09,26.17,25.52,25.58,28585700,0,1
0,3/27/13,25,26.28,24.72,26.09,52297400,0,1
0,3/26/13,25.08,25.48,25.03,25.205,26957200,0,1
1,3/25/13,25.75,25.8,25.078,25.131,39199000,0,1
1,3/22/13,25.796,26.01,25.63,25.73,18456300,0,1
0,3/21/13,25.66,26.11,25.56,25.74,24336100,0,1
1,3/20/13,26.68,26.69,25.78,25.86,44006500,0,1
0,3/19/13,26.53,26.9,26.21,26.55,25254200,0,1
0,3/18/13,26.37,26.79,25.78,26.49,26653700,0,1
1,3/15/13,27.03,27.06,26.56,26.645,31597400,0,1
1,3/14/13,27.1,27.43,26.83,27.04,27646400,0,1
1,3/13/13,27.62,27.65,26.92,27.08,39619500,0,1
1,3/12/13,28.1,28.32,27.6,27.83,27569600,0,1
0,3/11/13,28.01,28.64,27.83,28.14,35642100,0,1
1,3/8/13,28.425,28.47,27.73,27.96,44198900,0,1
0,3/7/13,27.57,28.675,27.47,28.578,74540200,0,1
1,3/6/13,28.1,28.13,27.35,27.4525,33532600,0,1
1,3/5/13,27.88,28.18,27.21,27.52,40622200,0,1
1,3/4/13,27.76,28.06,27.44,27.72,32400700,0,1
0,3/1/13,27.05,28.1164,26.81,27.78,54064800,0,1
0,2/28/13,26.84,27.3,26.34,27.25,83027800,0,1
1,2/27/13,27.34,27.34,26.63,26.87,44319700,0,1
0,2/26/13,27.36,27.46,26.7,27.39,31611700,0,1
0,2/25/13,27.16,27.64,27.15,27.27,34652000,0,1
1,2/22/13,27.62,27.63,26.82,27.13,36350200,0,1
1,2/21/13,28.28,28.55,27.15,27.283,49642300,0,1
1,2/20/13,28.92,29.05,28.33,28.462,42098200,0,1
0,2/19/13,28.23,29.08,28.12,28.93,49396400,0,1
1,2/15/13,28.52,28.75,28.09,28.32,33109300,0,1
0,2/14/13,28.02,28.63,28.01,28.5,35615800,0,1
0,2/13/13,27.36,28.32,27.31,27.9075,50164000,0,1
1,2/12/13,27.67,28.16,27.1,27.37,93498700,0,1
1,2/11/13,28.61,28.68,28.04,28.26,37361800,0,1
1,2/8/13,28.89,29.17,28.51,28.545,37708800,0,1
1,2/7/13,29.11,29.15,28.27,28.65,34540100,0,1
0,2/6/13,28.74,29.29,28.66,29.05,38375900,0,1
0,2/5/13,28.26,28.96,28.04,28.64,47948200,0,1
1,2/4/13,29.06,29.2,28.01,28.109,92362200,0,1
1,2/1/13,31.01,31.02,29.63,29.73,85856700,0,1
0,1/31/13,29.15,31.47,28.74,30.981,190744900,0,1
0,1/30/13,30.98,31.49,30.88,31.24,87682100,0,1
1,1/29/13,32,32.07,30.71,30.79,72976500,0,1
0,1/28/13,31.88,32.5063,31.81,32.469,59682500,0,1
0,1/25/13,31.41,31.93,31.13,31.54,54363600,0,1
1,1/24/13,31.27,31.49,30.81,31.08,43845100,0,1
1,1/23/13,31.1,31.5,30.8,30.82,48899800,0,1
0,1/22/13,29.75,30.89,29.74,30.729,55243300,0,1
1,1/18/13,30.31,30.44,29.27,29.66,49631500,0,1
0,1/17/13,30.08,30.42,30.03,30.14,40256700,0,1
1,1/16/13,30.21,30.35,29.53,29.85,75332700,0,1
1,1/15/13,30.64,31.71,29.88,30.1,173242600,0,1
1,1/14/13,32.08,32.21,30.62,30.9475,98892800,0,1
0,1/11/13,31.28,31.96,31.1,31.72,89598000,0,1
0,1/10/13,30.6,31.45,30.28,31.3,95316400,0,1
0,1/9/13,29.67,30.6,29.49,30.59,104787700,0,1
1,1/8/13,29.51,29.6,28.86,29.0607,45871300,0,1
0,1/7/13,28.69,29.79,28.65,29.4213,83781800,0,1
0,1/4/13,28.01,28.93,27.83,28.76,72715400,0,1
1,1/3/13,27.88,28.47,27.59,27.77,63140600,0,1
0,1/2/13,27.44,28.18,27.42,28,69846400,0,1
0,12/31/12,26.2,26.99,26.11,26.6197,60374500,0,1
0,12/28/12,25.48,26.11,25.15,25.9112,56574800,0,1
1,12/27/12,26.55,26.8,25.52,26.05,43481700,0,1
1,12/26/12,27.03,27.18,26.375,26.51,33175400,0,1
0,12/24/12,26.5,26.96,26.2,26.93,28230100,0,1
1,12/21/12,26.66,27.01,26.12,26.26,54555200,0,1
1,12/20/12,27.49,27.6,27.13,27.36,35574800,0,1
1,12/19/12,27.83,28.22,26.95,27.41,61390300,0,1
0,12/18/12,26.96,27.91,26.9,27.71,60512900,0,1
1,12/17/12,26.77,27,26.32,26.75,57742500,0,1
1,12/14/12,28.18,28.33,26.76,26.812,91631600,0,1
0,12/13/12,27.59,28.75,27.43,28.24,81051600,0,1
1,12/12/12,28,28.14,27.37,27.5801,46704200,0,1
1,12/11/12,28.07,28.24,27.66,27.98,77099100,0,1
0,12/10/12,27.17,28.17,27.1,27.84,50608500,0,1
0,12/7/12,27.07,27.78,26.84,27.485,51751900,0,1
1,12/6/12,27.68,27.75,26.82,26.97,46001500,0,1
1,12/5/12,27.75,27.9,27.26,27.71,58976300,0,1
0,12/4/12,27.06,27.76,26.68,27.46,72869200,0,1
1,12/3/12,27.9999,28.88,26.98,27.04,123526100,0,1
0,11/30/12,27.26,28,26.76,28,127049600,0,1
0,11/29/12,26.5,27.52,26.16,27.32,88759700,0,1
0,11/28/12,25.94,26.49,25.75,26.36,49205600,0,1
0,11/27/12,26.04,26.5,25.46,26.15,85760600,0,1
0,11/26/12,24.935,26.09,24.81,25.94,123865000,0,1
1,11/23/12,24.58,24.68,23.88,23.998,29520900,0,1
0,11/21/12,23.22,24.53,23.05,24.32,89862400,0,1
0,11/20/12,22.73,23.9,22.7,23.1,46655300,0,1
1,11/19/12,23.955,24.12,22.82,22.92,85021300,0,1
0,11/16/12,22.25,23.93,22.18,23.5607,107182200,0,1
1,11/15/12,22.34,22.5,21.65,22.17,78857700,0,1
0,11/14/12,20.1,22.5,19.93,22.36,229751000,0,1
0,11/13/12,19.605,20.11,19.56,19.86,71775100,0,1
0,11/12/12,19.15,20.17,18.87,20.07,67349200,0,1
1,11/9/12,19.955,20,19.13,19.21,42295500,0,1
1,11/8/12,20.52,20.73,19.98,19.99,34254600,0,1
1,11/7/12,20.85,20.95,20.37,20.47,33396800,0,1
1,11/6/12,21.24,21.37,20.99,21.1712,29062700,0,1
0,11/5/12,21.1,21.48,20.92,21.25,31806700,0,1
1,11/2/12,21.26,21.69,21.07,21.18,38344400,0,1
0,11/1/12,21.08,21.44,21.01,21.21,37713900,0,1
0,10/31/12,20.82,21.5,20.73,21.11,99378200,0,1
1,10/26/12,22.4,22.88,21.88,21.9425,73175800,0,1
1,10/25/12,23.29,23.31,22.47,22.56,76142000,0,1
1,10/24/12,24.13,24.25,22.85,23.2299,228949900,0,1
0,10/23/12,19.25,19.8,19.1,19.5,78381200,0,1
0,10/22/12,19.25,19.43,19.05,19.321,32447300,0,1
1,10/19/12,19,19.06,18.8,19,34835000,0,1
1,10/18/12,19.7,19.79,18.89,18.975,52157400,0,1
0,10/17/12,19.5,20.48,19.3718,19.88,44074500,0,1
1,10/16/12,19.68,19.69,19.3,19.48,21834700,0,1
1,10/15/12,19.68,19.88,19.49,19.52,20189700,0,1
1,10/12/12,19.75,19.8,19.48,19.5181,18809400,0,1
1,10/11/12,19.88,19.96,19.61,19.75,21817300,0,1
1,10/10/12,19.93,19.94,19.45,19.64,39321800,0,1
1,10/9/12,20.39,20.55,19.97,20.227,27161800,0,1
1,10/8/12,20.4,20.75,20.155,20.4,32236700,0,1
1,10/5/12,21.49,21.63,20.88,20.91,40529300,0,1
1,10/4/12,22.32,22.4,21.41,21.9475,46892100,0,1
1,10/3/12,22.295,22.49,21.8,21.83,32000100,0,1
0,10/2/12,22.08,22.49,21.82,22.27,29341400,0,1
1,10/1/12,22.08,22.59,21.73,21.99,51262700,0,1
0,9/28/12,20.57,21.95,20.5,21.66,65486000,0,1
1,9/27/12,20.99,21,20.16,20.32,30215900,0,1
0,9/26/12,20.145,20.78,19.8,20.62,38271900,0,1
1,9/25/12,21.2,21.21,20.22,20.28,46291700,0,1
1,9/24/12,21.78,21.98,20.3625,20.79,79106500,0,1
1,9/21/12,22.97,23.24,22.6,22.86,51218100,0,1
1,9/20/12,23.02,23.24,22.54,22.59,57248900,0,1
0,9/19/12,21.99,23.37,21.77,23.29,78782800,0,1
0,9/18/12,21.6,21.98,21.37,21.87,36760500,0,1
1,9/17/12,22.67,22.75,21.5,21.52,50667600,0,1
0,9/14/12,21.13,22.08,20.9,22,72819800,0,1
1,9/13/12,20.955,21.48,20.61,20.713,65041600,0,1
0,9/12/12,20.76,21.16,20.28,20.931,121584000,0,1
0,9/11/12,18.92,19.581,18.85,19.43,50508200,0,1
1,9/10/12,19.06,19.2,18.55,18.81,24797800,0,1
1,9/7/12,19.1,19.42,18.78,18.98,36371700,0,1
0,9/6/12,18.74,19.2617,18.72,18.96,46066500,0,1
0,9/5/12,18.27,18.75,18.18,18.58,60781800,0,1
1,9/4/12,18.08,18.27,17.55,17.729,46622400,0,1
1,8/31/12,18.68,18.7,18.03,18.058,58764200,0,1
1,8/30/12,19.27,19.45,19.06,19.0885,30647500,0,1
1,8/29/12,19.32,19.38,19.07,19.1,16124700,0,1
0,8/28/12,19.1,19.38,18.95,19.34,25417000,0,1
1,8/27/12,19.49,19.53,19.1,19.15,20704000,0,1
1,8/24/12,19.52,19.68,19.25,19.409,29622200,0,1
1,8/23/12,19.5,19.73,19.36,19.44,32813700,0,1
0,8/22/12,19.36,19.53,18.96,19.439,49892200,0,1
1,8/21/12,19.58,19.98,19.09,19.159,70640600,0,1
0,8/20/12,19.05,20.13,18.75,20.011,101186600,0,1
1,8/17/12,20.005,20.08,19,19.05,129293400,0,1
1,8/16/12,20.44,20.48,19.69,19.87,157565300,0,1
0,8/15/12,20.64,21.41,20.4,21.2,47861100,0,1
1,8/14/12,21.41,21.6,20.25,20.38,39308800,0,1
1,8/13/12,22.15,22.45,21.4,21.6,24973100,0,1
0,8/10/12,21.41,21.82,21.13,21.807,25794700,0,1
0,8/9/12,20.75,21.17,20.61,21.01,15610700,0,1
0,8/8/12,20.71,21.15,20.22,20.72,29537400,0,1
1,8/7/12,22.2,22.45,20.5,20.72,36782900,0,1
0,8/6/12,21.39,22.15,21.3,21.92,27778900,0,1
0,8/3/12,20.36,22.16,19.9,21.09,80647000,0,1
1,8/2/12,20.77,20.84,19.82,20.04,56374500,0,1
1,8/1/12,21.5,21.58,20.84,20.88,44604400,0,1
1,7/31/12,23.37,23.37,21.61,21.71,56179400,0,1
1,7/30/12,23.995,24.04,23.03,23.15,29285900,0,1
0,7/27/12,23.19,24.54,22.28,23.705,123102300,0,1
1,7/26/12,27.75,28.23,26.73,26.845,64597400,0,1
0,7/25/12,28.39,29.49,28.08,29.34,17230200,0,1
1,7/24/12,28.82,29.45,28.1,28.45,11539800,0,1
0,7/23/12,28.12,29,28.01,28.75,12390700,0,1
1,7/20/12,29,29.47,28.72,28.76,11869100,0,1
1,7/19/12,29.41,29.5,28.63,29,13685100,0,1
0,7/18/12,28.31,29.29,28.15,29.11,16841800,0,1
1,7/17/12,28.48,28.59,27.15,28.09,30438600,0,1
1,7/16/12,30.5,30.5,28.21,28.245,24672100,0,1
1,7/13/12,31.04,31.07,30.56,30.72,8108300,0,1
0,7/12/12,30.7,31.4,30.6,30.81,11300700,0,1
1,7/11/12,31.48,31.56,30.55,30.97,13030300,0,1
1,7/10/12,32.43,32.48,31.1599,31.47,14269500,0,1
0,7/9/12,32.1,32.88,31.99,32.17,17785200,0,1
0,7/6/12,31.44,31.9,31.26,31.73,10945600,0,1
0,7/5/12,31.32,31.625,31.02,31.47,10032100,0,1
0,7/3/12,30.91,31.44,30.8,31.2,8763600,0,1
1,7/2/12,31.25,31.73,30.55,30.771,14122000,0,1
1,6/29/12,31.92,31.99,30.76,31.095,19526900,0,1
1,6/28/12,31.96,32.19,30.9,31.36,17713300,0,1
1,6/27/12,32.46,32.9,31.9,32.23,28568000,0,1
0,6/26/12,32.69,33.44,32.5,33.1,24858700,0,1
1,6/25/12,32.86,33.02,31.55,32.06,24352900,0,1
0,6/22/12,32.41,33.45,32.06,33.05,74834000,0,1
0,6/21/12,31.67,32.5,31.51,31.84,21875300,0,1
1,6/20/12,31.92,31.9288,31.15,31.6,15553600,0,1
0,6/19/12,31.535,32.18,30.7,31.911,30849000,0,1
0,6/18/12,29.955,32.08,29.41,31.41,42978900,0,1
0,6/15/12,28.505,30.1,28.35,30.014,43563800,0,1
0,6/14/12,27.65,28.32,27.38,28.29,16855000,0,1
1,6/13/12,27.66,28.1,27.1,27.27,17102800,0,1
1,6/12/12,27.48,27.77,26.96,27.4,15816800,0,1
1,6/11/12,27.18,28.07,26.835,27.005,28219600,0,1
0,6/8/12,26.55,27.76,26.44,27.1,38034000,0,1
1,6/7/12,27,27.35,26.15,26.31,26159500,0,1
0,6/6/12,26.07,27.17,25.52,26.81,61489200,0,1
1,6/5/12,26.7,27.76,25.75,25.869,42473400,0,1
1,6/4/12,27.2,27.65,26.44,26.9,35230300,0,1
1,6/1/12,28.892,29.15,27.39,27.72,41855500,0,1
0,5/31/12,28.545,29.67,26.83,29.6,111639200,0,1
1,5/30/12,28.695,29.55,27.86,28.19,57267900,0,1
1,5/29/12,31.48,31.69,28.65,28.84,78063400,0,1
1,5/25/12,32.9,32.95,31.11,31.91,37149800,0,1
0,5/24/12,32.95,33.21,31.77,33.03,50237200,0,1
0,5/23/12,31.37,32.5,31.36,32,73600000,0,1
1,5/22/12,32.61,33.59,30.94,31,101786600,0,1
1,5/21/12,36.53,36.66,33,34.03,168192700,0,1
1,5/18/12,42.05,45,38,38.2318,573576400,0,1